{
    "energia_disp_viv": 5212.994728250193,
    "balanc_energ_viv": 51.85270463917846,
    "cost_total_viv": 3797.713058950546,
    "estalvi_viv": 354.5560141329364,
    "payback_anys_viv": 14.39,
    "red_payback": 39.99165971643036,
    "estalvi_CO2_viv": 405.6767055679725,
    "arbres_eq_viv": 253.5479409799828,
    "energia_generada": 57342.94201075212,
    "balanc_energ_CEL": 51.85270463917845,
    "cost_total_CEL": 41774.843648456,
    "estalvi_CEL": 3900.116155462299,
    "payback_anys_CEL": 14.39,
    "estalvi_CO2_CEL": 4462.443761247697,
    "arbres_eq_CEL": 2789.0273507798106
}