{
    "energia_disp_viv": 5212.994728250195,
    "balanc_energ_viv": 51.77002675849756,
    "cost_total_viv": 3797.7130589505477,
    "estalvi_viv": 363.3535537911996,
    "payback_anys_viv": 13.92,
    "red_payback": 39.213973799126634,
    "estalvi_CO2_viv": 417.4923212448002,
    "arbres_eq_viv": 260.93270077800014,
    "energia_generada": 57342.94201075212,
    "balanc_energ_CEL": 51.77002675849756,
    "cost_total_CEL": 41774.843648456,
    "estalvi_CEL": 3996.88909170319,
    "payback_anys_CEL": 13.92,
    "estalvi_CO2_CEL": 4592.415533692801,
    "arbres_eq_CEL": 2870.2597085580005
}