{
    "energia_disp_viv": 2434.6932703012358,
    "balanc_energ_viv": 38.151531248495694,
    "cost_total_viv": 2246.0475,
    "estalvi_viv": 325.7438381378665,
    "payback_anys_viv": 8.72,
    "red_payback": 0.0,
    "estalvi_CO2_viv": 505.1262737300831,
    "arbres_eq_viv": 315.7039210813019,
    "energia_generada": 9738.773081204943,
    "balanc_energ_CEL": 38.151531248495694,
    "cost_total_CEL": 8984.19,
    "estalvi_CEL": 1302.975352551466,
    "payback_anys_CEL": 8.72,
    "estalvi_CO2_CEL": 2020.5050949203323,
    "arbres_eq_CEL": 1262.8156843252077
}